{
  "version": 1,
  "author": "Anonymous maker",
  "editor": "wokwi",
  "parts": [
    { "type": "wokwi-breadboard-half", "id": "bb1", "top": -99, "left": -35.6, "attrs": {} },
    { "type": "wokwi-arduino-nano", "id": "nano", "top": -33.6, "left": 28.3, "attrs": {} },
    { "type": "wokwi-vcc", "id": "vcc1", "top": -124.04, "left": -57.6, "attrs": {} },
    { "type": "wokwi-gnd", "id": "gnd1", "top": 115.2, "left": -58.2, "attrs": {} },
    { "type": "wokwi-mpu6050", "id": "imu1", "top": 119.02, "left": -16.88, "attrs": {} }
  ],
  "connections": [
    [ "vcc1:VCC", "bb1:tp.1", "red", [ "v0" ] ],
    [ "bb1:tp.1", "bb1:bp.1", "red", [ "v-9.3", "h-27.2", "v182.4" ] ],
    [ "gnd1:GND", "bb1:bn.1", "black", [ "v0" ] ],
    [ "bb1:bn.1", "bb1:tn.1", "black", [ "v8.3", "h-36.8", "v-182.4" ] ],
    [ "nano:GND.1", "bb1:bn.16", "black", [ "v0" ] ],
    [ "nano:5V", "bb1:bp.15", "red", [ "v0" ] ],
    [ "nano:3.3V", "imu1:VCC", "red", [ "v0" ] ],
    [ "imu1:GND", "bb1:bn.5", "black", [ "v0" ] ],
    [ "nano:12", "bb1:7t.c", "", [ "$bb" ] ],
    [ "nano:11", "bb1:8t.c", "", [ "$bb" ] ],
    [ "nano:10", "bb1:9t.c", "", [ "$bb" ] ],
    [ "nano:9", "bb1:10t.c", "", [ "$bb" ] ],
    [ "nano:8", "bb1:11t.c", "", [ "$bb" ] ],
    [ "nano:7", "bb1:12t.c", "", [ "$bb" ] ],
    [ "nano:6", "bb1:13t.c", "", [ "$bb" ] ],
    [ "nano:5", "bb1:14t.c", "", [ "$bb" ] ],
    [ "nano:4", "bb1:15t.c", "", [ "$bb" ] ],
    [ "nano:3", "bb1:16t.c", "", [ "$bb" ] ],
    [ "nano:2", "bb1:17t.c", "", [ "$bb" ] ],
    [ "nano:GND.2", "bb1:18t.c", "", [ "$bb" ] ],
    [ "nano:RESET.2", "bb1:19t.c", "", [ "$bb" ] ],
    [ "nano:0", "bb1:20t.c", "", [ "$bb" ] ],
    [ "nano:1", "bb1:21t.c", "", [ "$bb" ] ],
    [ "nano:13", "bb1:7b.g", "", [ "$bb" ] ],
    [ "nano:3.3V", "bb1:8b.g", "", [ "$bb" ] ],
    [ "nano:AREF", "bb1:9b.g", "", [ "$bb" ] ],
    [ "nano:A0", "bb1:10b.g", "", [ "$bb" ] ],
    [ "nano:A1", "bb1:11b.g", "", [ "$bb" ] ],
    [ "nano:A2", "bb1:12b.g", "", [ "$bb" ] ],
    [ "nano:A3", "bb1:13b.g", "", [ "$bb" ] ],
    [ "nano:A4", "bb1:14b.g", "", [ "$bb" ] ],
    [ "nano:A5", "bb1:15b.g", "", [ "$bb" ] ],
    [ "nano:A6", "bb1:16b.g", "", [ "$bb" ] ],
    [ "nano:A7", "bb1:17b.g", "", [ "$bb" ] ],
    [ "nano:5V", "bb1:18b.g", "", [ "$bb" ] ],
    [ "nano:RESET", "bb1:19b.g", "", [ "$bb" ] ],
    [ "nano:GND.1", "bb1:20b.g", "", [ "$bb" ] ],
    [ "nano:VIN", "bb1:21b.g", "", [ "$bb" ] ],
    [ "imu1:SCL", "nano:A5", "green", [ "v-57.6", "h86.48" ] ],
    [ "imu1:SDA", "nano:A4", "blue", [ "v-48", "h86.48" ] ]
  ],
  "dependencies": {}
}